img_0.JPEG,bathtub
img_1.JPEG,tile roof
img_2.JPEG,jigsaw puzzle
img_3.JPEG,dromedary
img_4.JPEG,jellyfish
img_5.JPEG,oxygen mask
img_6.JPEG,shower curtain
img_7.JPEG,handkerchief
img_8.JPEG,slide rule
img_9.JPEG,flamingo
img_10.JPEG,face powder
img_11.JPEG,custard apple
img_12.JPEG,zebra
img_13.JPEG,hourglass
img_14.JPEG,menu
img_15.JPEG,mosquito net
img_16.JPEG,shoal
img_17.JPEG,crossword
img_18.JPEG,leatherback sea turtle
img_19.JPEG,toy store
img_20.JPEG,website
img_21.JPEG,starfish
img_22.JPEG,boa constrictor
img_23.JPEG,envelope
img_24.JPEG,safe
img_25.JPEG,stupa
img_26.JPEG,shower curtain
img_27.JPEG,shoal
img_28.JPEG,chimpanzee
img_29.JPEG,shower curtain
img_30.JPEG,candle
img_31.JPEG,stupa
img_32.JPEG,revolver
img_33.JPEG,obelisk
img_34.JPEG,Standard Poodle
img_35.JPEG,conch
img_36.JPEG,dust jacket
img_37.JPEG,chameleon
img_38.JPEG,mosquito net
img_39.JPEG,automated teller machine
img_40.JPEG,picket fence
img_41.JPEG,aircraft carrier
img_42.JPEG,wall clock
img_43.JPEG,jellyfish
img_44.JPEG,shower cap
img_45.JPEG,tub
img_46.JPEG,sink
img_47.JPEG,mosquito net
img_48.JPEG,fireboat
img_49.JPEG,valley
img_50.JPEG,picket fence
img_51.JPEG,jigsaw puzzle
img_52.JPEG,beer glass
img_53.JPEG,brass
img_54.JPEG,military uniform
img_55.JPEG,Band-Aid
img_56.JPEG,dragonfly
img_57.JPEG,radio telescope
img_58.JPEG,cassette
img_59.JPEG,shower curtain
img_60.JPEG,shoal
img_61.JPEG,fireboat
img_62.JPEG,medicine chest
img_63.JPEG,beaker
img_64.JPEG,nipple
img_65.JPEG,shower curtain
img_66.JPEG,lacewing
img_67.JPEG,shower curtain
img_68.JPEG,slide rule
img_69.JPEG,bubble
img_70.JPEG,seat belt
img_71.JPEG,starfish
img_72.JPEG,fireboat
img_73.JPEG,brass
img_74.JPEG,bubble
img_75.JPEG,vault
img_76.JPEG,brass
img_77.JPEG,banded gecko
img_78.JPEG,whiskey jug
img_79.JPEG,dock
img_80.JPEG,hourglass
img_81.JPEG,crossword
img_82.JPEG,spider web
img_83.JPEG,picket fence
img_84.JPEG,jeep
img_85.JPEG,carton
img_86.JPEG,cauliflower
img_87.JPEG,honeycomb
img_88.JPEG,trilobite
img_89.JPEG,magnetic compass
img_90.JPEG,hourglass
img_91.JPEG,Maltese
img_92.JPEG,mosque
img_93.JPEG,church
img_94.JPEG,ruler
img_95.JPEG,hourglass
img_96.JPEG,mosquito net
img_97.JPEG,radio telescope
img_98.JPEG,yawl
img_99.JPEG,alp
